{
    "epoch": 50,
    "VL-CMU-CD": {
        "test": {
            "VL-CMU-CD": {
                "precision": 0.7696286702255014,
                "recall": 0.8685647474628463,
                "accuracy": 0.9771063372253848,
                "f1_score": 0.7947580507783161
            }
        }
    }
}