{
    "epoch": 7,
    "PSCD": {
        "test": {
            "PSCD": {
                "precision": 0.2953790507289042,
                "recall": 0.1466730611809941,
                "accuracy": 0.8477361937063786,
                "f1_score": 0.17022652611112046
            }
        }
    }
}