{
    "epoch": 63,
    "OurDataset": {
        "test": {
            "OurDataset": {
                "precision": 0.5081975238184515,
                "recall": 0.6997621406070517,
                "accuracy": 0.9031126165280926,
                "f1_score": 0.5400302409040846
            }
        }
    },
    "S2Looking": {
        "test": {
            "S2Looking": {
                "precision": 0.2254519681378394,
                "recall": 0.6486557115038034,
                "accuracy": 0.8707280033541195,
                "f1_score": 0.3078271135165518
            }
        }
    }
}